,Features,Score
8,Income,569482.499414266
6,CreditScore,1124.9979783689328
9,Approved,383.00000000000006
3,YearsEmployed,362.376447544662
4,PriorDefault,170.54756169995315
2,Debt,155.0605198022308
5,Employed,82.59785213766392
1,Age,78.93534039376027
18,EducationLevel_ff,20.90415365449922
11,Married_y,18.645501760588267
